"STATION","DATE","LATITUDE","LONGITUDE","ELEVATION","NAME","REPORT_TYPE","SOURCE","HourlyAltimeterSetting","HourlyDewPointTemperature","HourlyDryBulbTemperature","HourlyPrecipitation","HourlyPresentWeatherType","HourlyPressureChange","HourlyPressureTendency","HourlyRelativeHumidity","HourlySkyConditions","HourlySeaLevelPressure","HourlyStationPressure","HourlyVisibility","HourlyWetBulbTemperature","HourlyWindDirection","HourlyWindGustSpeed","HourlyWindSpeed","Sunrise","Sunset","DailyAverageDewPointTemperature","DailyAverageDryBulbTemperature","DailyAverageRelativeHumidity","DailyAverageSeaLevelPressure","DailyAverageStationPressure","DailyAverageWetBulbTemperature","DailyAverageWindSpeed","DailyCoolingDegreeDays","DailyDepartureFromNormalAverageTemperature","DailyHeatingDegreeDays","DailyMaximumDryBulbTemperature","DailyMinimumDryBulbTemperature","DailyPeakWindDirection","DailyPeakWindSpeed","DailyPrecipitation","DailySnowDepth","DailySnowfall","DailySustainedWindDirection","DailySustainedWindSpeed","DailyWeather","MonthlyAverageRH","MonthlyDaysWithGT001Precip","MonthlyDaysWithGT010Precip","MonthlyDaysWithGT32Temp","MonthlyDaysWithGT90Temp","MonthlyDaysWithLT0Temp","MonthlyDaysWithLT32Temp","MonthlyDepartureFromNormalAverageTemperature","MonthlyDepartureFromNormalCoolingDegreeDays","MonthlyDepartureFromNormalHeatingDegreeDays","MonthlyDepartureFromNormalMaximumTemperature","MonthlyDepartureFromNormalMinimumTemperature","MonthlyDepartureFromNormalPrecipitation","MonthlyDewpointTemperature","MonthlyGreatestPrecip","MonthlyGreatestPrecipDate","MonthlyGreatestSnowDepth","MonthlyGreatestSnowDepthDate","MonthlyGreatestSnowfall","MonthlyGreatestSnowfallDate","MonthlyMaxSeaLevelPressureValue","MonthlyMaxSeaLevelPressureValueDate","MonthlyMaxSeaLevelPressureValueTime","MonthlyMaximumTemperature","MonthlyMeanTemperature","MonthlyMinSeaLevelPressureValue","MonthlyMinSeaLevelPressureValueDate","MonthlyMinSeaLevelPressureValueTime","MonthlyMinimumTemperature","MonthlySeaLevelPressure","MonthlyStationPressure","MonthlyTotalLiquidPrecipitation","MonthlyTotalSnowfall","MonthlyWetBulb","AWND","CDSD","CLDD","DSNW","HDSD","HTDD","DYTS","DYHF","NormalsCoolingDegreeDay","NormalsHeatingDegreeDay","ShortDurationEndDate005","ShortDurationEndDate010","ShortDurationEndDate015","ShortDurationEndDate020","ShortDurationEndDate030","ShortDurationEndDate045","ShortDurationEndDate060","ShortDurationEndDate080","ShortDurationEndDate100","ShortDurationEndDate120","ShortDurationEndDate150","ShortDurationEndDate180","ShortDurationPrecipitationValue005","ShortDurationPrecipitationValue010","ShortDurationPrecipitationValue015","ShortDurationPrecipitationValue020","ShortDurationPrecipitationValue030","ShortDurationPrecipitationValue045","ShortDurationPrecipitationValue060","ShortDurationPrecipitationValue080","ShortDurationPrecipitationValue100","ShortDurationPrecipitationValue120","ShortDurationPrecipitationValue150","ShortDurationPrecipitationValue180","REM","BackupDirection","BackupDistance","BackupDistanceUnit","BackupElements","BackupElevation","BackupEquipment","BackupLatitude","BackupLongitude","BackupName","WindEquipmentChangeDate"
"67531099999","2013-04-05T08:00:00","-13.5333333","23.1166667","1078.0","ZAMBEZI, ZA","FM-12","4","","66","70","","","","9","88","FEW:01 118","","","18.64","","180","","3","","","","","","","","","","","","","","","","","","","","","","","","","","","","","","","","","","","","","","","","","","","","","","","","","","","","","","","","","","","","","","","","","","","","","","","","","","","","","","","","","","","","","","","","","","","SYN088AAXX  05064 67531 32980 21803 10210 20190 48/// 81032 333 10312 20135 58004 81362 81082;","","","","","","","","","",""
"67531099999","2013-04-08T08:00:00","-13.5333333","23.1166667","1078.0","ZAMBEZI, ZA","FM-12","4","","61","67","","","","9","79","SCT:03 118","","","18.64","","090","","5","","","","","","","","","","","","","","","","","","","","","","","","","","","","","","","","","","","","","","","","","","","","","","","","","","","","","","","","","","","","","","","","","","","","","","","","","","","","","","","","","","","","","","","","","","","SYN088AAXX  08064 67531 32980 50904 10196 20159 48/// 83031 333 10300 20131 58005 83362 83082;","","","","","","","","","",""
"67531099999","2013-04-08T11:00:00","-13.5333333","23.1166667","1078.0","ZAMBEZI, ZA","FM-12","4","","60","81","","","","","48","FEW:01 45 FEW:01 128","","","18.64","","090","","2","","","","","","","","","","","","","","","","","","","","","","","","","","","","","","","","","","","","","","","","","","","","","","","","","","","","","","","","","","","","","","","","","","","","","","","","","","","","","","","","","","","","","","","","","","","SYN082AAXX  08094 67531 42580 30902 10271 20153 48/// 81131 333 5//// 81846 81363 82082;","","","","","","","","","",""
"67531099999","2013-04-09T08:00:00","-13.5333333","23.1166667","1078.0","ZAMBEZI, ZA","FM-12","4","","63","68","","","","9","84","FEW:01 394","","","18.64","","000","","0","","","","","","","","","","","","","","","","","","","","","","","","","","","","","","","","","","","","","","","","","","","","","","","","","","","","","","","","","","","","","","","","","","","","","","","","","","","","","","","","","","","","","","","","","","","SYN098AAXX  09064 67531 32980 10000 10200 20172 48/// 80002 333 10311 20129 58003 81082 555 00/// 20000;","","","","","","","","","",""
"67531099999","2013-04-12T08:00:00","-13.5333333","23.1166667","1078.0","ZAMBEZI, ZA","FM-12","4","","57","65","","","","9","73","FEW:02 394","","","18.64","","090","","5","","","","","","","","","","","","","","","","","","","","","","","","","","","","","","","","","","","","","","","","","","","","","","","","","","","","","","","","","","","","","","","","","","","","","","","","","","","","","","","","","","","","","","","","","","","SYN082AAXX  12064 67531 32980 20904 10186 20137 48/// 80001 333 10324 20132 58010 82082;","","","","","","","","","",""
"67531099999","2013-04-12T14:00:00","-13.5333333","23.1166667","1078.0","ZAMBEZI, ZA","FM-12","4","","62","85","","","","9","45","SCT:04 39","","","18.64","","070","","2","","","","","","","","","","","","","","","","","","","","","","","","","","","","","","","","","","","","","","","","","","","","","","","","","","","","","","","","","","","","","","","","","","","","","","","","","","","","","","","","","","","","","","","","","","","SYN076AAXX  12124 67531 42780 40702 10295 20165 48/// 84101 333 58015 84840 81082;","","","","","","","","","",""
"67531099999","2013-04-15T08:00:00","-13.5333333","23.1166667","1078.0","ZAMBEZI, ZA","FM-12","4","","55","65","","","","9","69","CLR:00","","","18.64","","110","","8","","","","","","","","","","","","","","","","","","","","","","","","","","","","","","","","","","","","","","","","","","","","","","","","","","","","","","","","","","","","","","","","","","","","","","","","","","","","","","","","","","","","","","","","","","","SYN080AAXX  15064 67531 32980 01107 10186 20128 48/// 333 10305 20130 59008 555 00121;","","","","","","","","","",""
"67531099999","2013-04-15T11:00:00","-13.5333333","23.1166667","1078.0","ZAMBEZI, ZA","FM-12","4","","54","80","","","","","40","CLR:00","","","18.64","","120","","10","","","","","","","","","","","","","","","","","","","","","","","","","","","","","","","","","","","","","","","","","","","","","","","","","","","","","","","","","","","","","","","","","","","","","","","","","","","","","","","","","","","","","","","","","","","SYN058AAXX  15094 67531 42980 01209 10269 20123 48/// 333 5////;","","","","","","","","","",""
"67531099999","2013-04-16T08:00:00","-13.5333333","23.1166667","1078.0","ZAMBEZI, ZA","FM-12","4","","56","65","","","","9","71","CLR:00","","","18.64","","110","","6","","","","","","","","","","","","","","","","","","","","","","","","","","","","","","","","","","","","","","","","","","","","","","","","","","","","","","","","","","","","","","","","","","","","","","","","","","","","","","","","","","","","","","","","","","","SYN080AAXX  16064 67531 32980 01105 10185 20132 48/// 333 10305 20109 59012 555 00101;","","","","","","","","","",""
"67531099999","2013-04-17T08:00:00","-13.5333333","23.1166667","1078.0","ZAMBEZI, ZA","FM-12","4","","55","65","","","","9","68","FEW:01 394","","","18.64","","000","","0","","","","","","","","","","","","","","","","","","","","","","","","","","","","","","","","","","","","","","","","","","","","","","","","","","","","","","","","","","","","","","","","","","","","","","","","","","","","","","","","","","","","","","","","","","","SYN092AAXX  17064 67531 32980 10000 10186 20126 48/// 80001 333 10305 20102 59010 81082 555 00100;","","","","","","","","","",""
"67531099999","2013-04-18T08:00:00","-13.5333333","23.1166667","1078.0","ZAMBEZI, ZA","FM-12","4","","58","63","","","","9","86","FEW:01 118","","","18.64","","000","","0","","","","","","","","","","","","","","","","","","","","","","","","","","","","","","","","","","","","","","","","","","","","","","","","","","","","","","","","","","","","","","","","","","","","","","","","","","","","","","","","","","","","","","","","","","","SYN082AAXX  18064 67531 32980 10000 10170 20146 48/// 81030 333 10311 20105 59005 81362;","","","","","","","","","",""
"67531099999","2013-04-19T08:00:00","-13.5333333","23.1166667","1078.0","ZAMBEZI, ZA","FM-12","4","","61","67","","","","9","81","FEW:01 394","","","15.53","","030","","1","","","","","","","","","","","","","","","","","","","","","","","","","","","","","","","","","","","","","","","","","","","","","","","","","","","","","","","","","","","","","","","","","","","","","","","","","","","","","","","","","","","","","","","","","","","SYN082AAXX  19064 67531 31975 10301 10193 20160 48/// 80004 333 10326 20114 59005 81082;","","","","","","","","","",""
"67531099999","2013-04-19T14:00:00","-13.5333333","23.1166667","1078.0","ZAMBEZI, ZA","FM-12","4","","58","87","","","","","38","SCT:03 69","","","18.64","","300","","3","","","","","","","","","","","","","","","","","","","","","","","","","","","","","","","","","","","","","","","","","","","","","","","","","","","","","","","","","","","","","","","","","","","","","","","","","","","","","","","","","","","","","","","","","","","SYN076AAXX  19124 67531 42880 73003 10305 20147 48/// 83108 333 5//// 83857 85281;","","","","","","","","","",""
"67531099999","2013-04-22T08:00:00","-13.5333333","23.1166667","1078.0","ZAMBEZI, ZA","FM-12","4","","66","69","","","","9","91","SCT:03 98","","","18.64","","150","","1","","","","","","","","","","","","","","","","","","","","","","","","","","","","","","","","","","","","","","","","","","","","","","","","","","","","","","","","","","","","","","","","","","","","","","","","","","","","","","","","","","","","","","","","","","","SYN094AAXX  22064 67531 12980 71501 10206 20191 48/// 60014 83078 333 10321 20185 58012 83360 87280;","","","","","","","","","",""
"67531099999","2013-04-22T14:00:00","-13.5333333","23.1166667","1078.0","ZAMBEZI, ZA","FM-12","4","","50","84","","","","","31","FEW:02 69","","","18.64","","160","","3","","","","","","","","","","","","","","","","","","","","","","","","","","","","","","","","","","","","","","","","","","","","","","","","","","","","","","","","","","","","","","","","","","","","","","","","","","","","","","","","","","","","","","","","","","","SYN076AAXX  22124 67531 42880 71603 10290 20101 48/// 82108 333 5//// 82857 87280;","","","","","","","","","",""
"67531099999","2013-04-23T08:00:00","-13.5333333","23.1166667","1078.0","ZAMBEZI, ZA","FM-12","4","","58","71","","","","9","64","FEW:01 118","","","18.64","","150","","3","","","","","","","","","","","","","","","","","","","","","","","","","","","","","","","","","","","","","","","","","","","","","","","","","","","","","","","","","","","","","","","","","","","","","","","","","","","","","","","","","","","","","","","","","","","SYN088AAXX  23064 67531 32980 11503 10216 20145 48/// 81034 333 10301 20146 59004 81362 81082;","","","","","","","","","",""
"67531099999","2013-04-25T08:00:00","-13.5333333","23.1166667","1078.0","ZAMBEZI, ZA","FM-12","4","","62","67","","","","9","83","FEW:01 118","","","18.64","","120","","8","","","","","","","","","","","","","","","","","","","","","","","","","","","","","","","","","","","","","","","","","","","","","","","","","","","","","","","","","","","","","","","","","","","","","","","","","","","","","","","","","","","","","","","","","","","SYN088AAXX  25064 67531 32980 21207 10195 20165 48/// 81032 333 10316 20152 58018 81362 82080;","","","","","","","","","",""
"67531099999","2013-04-25T11:00:00","-13.5333333","23.1166667","1078.0","ZAMBEZI, ZA","FM-12","4","","62","79","","","","9","57","FEW:01 118","","","18.64","","140","","8","","","","","","","","","","","","","","","","","","","","","","","","","","","","","","","","","","","","","","","","","","","","","","","","","","","","","","","","","","","","","","","","","","","","","","","","","","","","","","","","","","","","","","","","","","","SYN076AAXX  25094 67531 42980 31407 10259 20166 48/// 81032 333 58019 81362 83081;","","","","","","","","","",""
"67531099999","2013-04-26T08:00:00","-13.5333333","23.1166667","1078.0","ZAMBEZI, ZA","FM-12","4","","58","68","","","","9","71","BKN:07 108","","","18.64","","120","","8","","","","","","","","","","","","","","","","","","","","","","","","","","","","","","","","","","","","","","","","","","","","","","","","","","","","","","","","","","","","","","","","","","","","","","","","","","","","","","","","","","","","","","","","","","","SYN082AAXX  26064 67531 32980 71207 10200 20145 48/// 87030 333 10303 20141 58003 87361;","","","","","","","","","",""
"67531099999","2013-04-26T14:00:00","-13.5333333","23.1166667","1078.0","ZAMBEZI, ZA","FM-12","4","","53","82","","","","9","36","BKN:07 59","","","18.64","","140","","8","","","","","","","","","","","","","","","","","","","","","","","","","","","","","","","","","","","","","","","","","","","","","","","","","","","","","","","","","","","","","","","","","","","","","","","","","","","","","","","","","","","","","","","","","","","SYN070AAXX  26124 67531 42780 71407 10280 20115 48/// 87100 333 59002 87856;","","","","","","","","","",""
"67531099999","2013-04-29T08:00:00","-13.5333333","23.1166667","1078.0","ZAMBEZI, ZA","FM-12","4","","52","63","","","","9","69","CLR:00","","","18.64","","130","","7","","","","","","","","","","","","","","","","","","","","","","","","","","","","","","","","","","","","","","","","","","","","","","","","","","","","","","","","","","","","","","","","","","","","","","","","","","","","","","","","","","","","","","","","","","","SYN070AAXX  29064 67531 32980 01306 10170 20113 48563 333 10285 20105 58008;","","","","","","","","","",""
"67531099999","2013-04-29T11:00:00","-13.5333333","23.1166667","1078.0","ZAMBEZI, ZA","FM-12","4","","55","76","","","","","47","FEW:01 394","","","18.64","","120","","7","","","","","","","","","","","","","","","","","","","","","","","","","","","","","","","","","","","","","","","","","","","","","","","","","","","","","","","","","","","","","","","","","","","","","","","","","","","","","","","","","","","","","","","","","","","SYN070AAXX  29094 67531 42980 11206 10246 20126 48/// 80001 333 5//// 81082;","","","","","","","","","",""
"67531099999","2013-04-30T08:00:00","-13.5333333","23.1166667","1078.0","ZAMBEZI, ZA","FM-12","4","","52","67","","","","9","59","FEW:01 394","","","18.64","","100","","8","","","","","","","","","","","","","","","","","","","","","","","","","","","","","","","","","","","","","","","","","","","","","","","","","","","","","","","","","","","","","","","","","","","","","","","","","","","","","","","","","","","","","","","","","","","SYN082AAXX  30064 67531 32980 11007 10196 20112 48/// 80001 333 10303 20101 58013 81082;","","","","","","","","","",""
"67531099999","2013-05-03T08:00:00","-13.5333333","23.1166667","1078.0","ZAMBEZI, ZA","FM-12","4","","54","64","","","","9","69","","","","18.64","","100","","9","","","","","","","","","","","","","","","","","","","","","","","","","","","","","","","","","","","","","","","","","","","","","","","","","","","","","","","","","","","","","","","","","","","","","","","","","","","","","","","","","","","","","","","","","","","SYN05867531 32980 01008 10179 20122 48/// 333 10282 20110 59004=","","","","","","","","","",""
"67531099999","2013-05-03T11:00:00","-13.5333333","23.1166667","1078.0","ZAMBEZI, ZA","FM-12","4","","52","76","","","","","43","FEW:01 49","","","18.64","","120","","8","","","","","","","","","","","","","","","","","","","","","","","","","","","","","","","","","","","","","","","","","","","","","","","","","","","","","","","","","","","","","","","","","","","","","","","","","","","","","","","","","","","","","","","","","","","SYN05867531 42780 11207 10247 20113 48/// 81100 333 5//// 81850=","","","","","","","","","",""
"67531099999","2013-05-06T08:00:00","-13.5333333","23.1166667","1078.0","ZAMBEZI, ZA","FM-12","4","","49","61","","","","9","66","FEW:01 118","","","18.64","","110","","6","","","","","","","","","","","","","","","","","","","","","","","","","","","","","","","","","","","","","","","","","","","","","","","","","","","","","","","","","","","","","","","","","","","","","","","","","","","","","","","","","","","","","","","","","","","SYN07067531 32980 11105 10162 20097 48/// 81030 333 10295 20112 58002 81362=","","","","","","","","","",""
"67531099999","2013-05-06T11:00:00","-13.5333333","23.1166667","1078.0","ZAMBEZI, ZA","FM-12","4","","58","81s","","","","","45","FEW:01 118","","","18.64","","090","","6","","","","","","","","","","","","","","","","","","","","","","","","","","","","","","","","","","","","","","","","","","","","","","","","","","","","","","","","","","","","","","","","","","","","","","","","","","","","","","","","","","","","","","","","","","","SYN05867531 42980 10905 10272 20144 48/// 81030 333 5//// 81362=","","","","","","","","","",""
"67531099999","2013-05-07T11:00:00","-13.5333333","23.1166667","1078.0","ZAMBEZI, ZA","FM-12","4","","55","77","","","","9","46","","","","18.64","","100","","8","","","","","","","","","","","","","","","","","","","","","","","","","","","","","","","","","","","","","","","","","","","","","","","","","","","","","","","","","","","","","","","","","","","","","","","","","","","","","","","","","","","","","","","","","","","SYN04667531 42980 01007 10249 20126 48/// 333 58007=","","","","","","","","","",""
"67531099999","2013-05-07T14:00:00","-13.5333333","23.1166667","1078.0","ZAMBEZI, ZA","FM-12","4","","58","82","","","","9","45","FEW:01 295","","","18.64","","150","","7","","","","","","","","","","","","","","","","","","","","","","","","","","","","","","","","","","","","","","","","","","","","","","","","","","","","","","","","","","","","","","","","","","","","","","","","","","","","","","","","","","","","","","","","","","","SYN05867531 42980 11506 10276 20145 48/// 80001 333 58012 81080=","","","","","","","","","",""
"67531099999","2013-05-08T08:00:00","-13.5333333","23.1166667","1078.0","ZAMBEZI, ZA","FM-12","4","","53","65","","","","9","65","FEW:01 118","","","18.64","","120","","8","","","","","","","","","","","","","","","","","","","","","","","","","","","","","","","","","","","","","","","","","","","","","","","","","","","","","","","","","","","","","","","","","","","","","","","","","","","","","","","","","","","","","","","","","","","SYN07067531 32980 11207 10182 20114 48/// 81030 333 10286 20132 59009 81362=","","","","","","","","","",""
"67531099999","2013-05-08T14:00:00","-13.5333333","23.1166667","1078.0","ZAMBEZI, ZA","FM-12","4","","57","84","","","","9","40","FEW:01 59","","","18.64","","030","","1","","","","","","","","","","","","","","","","","","","","","","","","","","","","","","","","","","","","","","","","","","","","","","","","","","","","","","","","","","","","","","","","","","","","","","","","","","","","","","","","","","","","","","","","","","","SYN05867531 42780 10301 10289 20139 48/// 81100 333 59018 81856=","","","","","","","","","",""
"67531099999","2013-05-09T08:00:00","-13.5333333","23.1166667","1078.0","ZAMBEZI, ZA","FM-12","4","","55","65","","","","9","71","FEW:01 118","","","18.64","","000","","0","","","","","","","","","","","","","","","","","","","","","","","","","","","","","","","","","","","","","","","","","","","","","","","","","","","","","","","","","","","","","","","","","","","","","","","","","","","","","","","","","","","","","","","","","","","SYN07067531 32980 10000 10185 20130 48/// 81030 333 10295 20110 59007 81362=","","","","","","","","","",""
"67531099999","2013-05-13T11:00:00","-13.5333333","23.1166667","1078.0","ZAMBEZI, ZA","FM-12","4","","53","81","","","","","37","","","","18.64","","090","","9","","","","","","","","","","","","","","","","","","","","","","","","","","","","","","","","","","","","","","","","","","","","","","","","","","","","","","","","","","","","","","","","","","","","","","","","","","","","","","","","","","","","","","","","","","","SYN04667531 42980 00908 10272 20114 48/// 333 5////=","","","","","","","","","",""
"67531099999","2013-05-14T08:00:00","-13.5333333","23.1166667","1078.0","ZAMBEZI, ZA","FM-12","4","","51","63","","","","9","67","","","","18.64","","100","","9","","","","","","","","","","","","","","","","","","","","","","","","","","","","","","","","","","","","","","","","","","","","","","","","","","","","","","","","","","","","","","","","","","","","","","","","","","","","","","","","","","","","","","","","","","","SYN05867531 32980 01008 10170 20108 48/// 333 10300 20110 58001=","","","","","","","","","",""
"67531099999","2013-05-14T11:00:00","-13.5333333","23.1166667","1078.0","ZAMBEZI, ZA","FM-12","4","","53","79","","","","9","41","","","","18.64","","100","","8","","","","","","","","","","","","","","","","","","","","","","","","","","","","","","","","","","","","","","","","","","","","","","","","","","","","","","","","","","","","","","","","","","","","","","","","","","","","","","","","","","","","","","","","","","","SYN04667531 42980 01007 10259 20117 48/// 333 58004=","","","","","","","","","",""
"67531099999","2013-05-16T08:00:00","-13.5333333","23.1166667","1078.0","ZAMBEZI, ZA","FM-12","4","","53","60","","","","9","80","FEW:01 118","","","18.64","","130","","1","","","","","","","","","","","","","","","","","","","","","","","","","","","","","","","","","","","","","","","","","","","","","","","","","","","","","","","","","","","","","","","","","","","","","","","","","","","","","","","","","","","","","","","","","","","SYN08067531 32980 11301 10153 20118 48/// 81030 333 10285 20085 59012 81362 555 00089=","","","","","","","","","",""
"67531099999","2013-05-17T08:00:00","-13.5333333","23.1166667","1078.0","ZAMBEZI, ZA","FM-12","4","","56","63","","","","9","78","FEW:01 118","","","18.64","","100","","3","","","","","","","","","","","","","","","","","","","","","","","","","","","","","","","","","","","","","","","","","","","","","","","","","","","","","","","","","","","","","","","","","","","","","","","","","","","","","","","","","","","","","","","","","","","SYN07067531 32980 11003 10171 20132 48/// 81030 333 10300 20110 58011 81362=","","","","","","","","","",""
"67531099999","2013-05-20T08:00:00","-13.5333333","23.1166667","1078.0","ZAMBEZI, ZA","FM-12","4","","56","64","","","","9","77","BKN:05 394","","","18.64","","110","","6","","","","","","","","","","","","","","","","","","","","","","","","","","","","","","","","","","","","","","","","","","","","","","","","","","","","","","","","","","","","","","","","","","","","","","","","","","","","","","","","","","","","","","","","","","","SYN07067531 32980 51105 10176 20134 48/// 80008 333 10296 20126 59011 85282=","","","","","","","","","",""
"67531099999","2013-05-21T08:00:00","-13.5333333","23.1166667","1078.0","ZAMBEZI, ZA","FM-12","4","","55","61","","","","","81","FEW:01 118","","","18.64","","090","","8","","","","","","","","","","","","","","","","","","","","","","","","","","","","","","","","","","","","","","","","","","","","","","","","","","","","","","","","","","","","","","","","","","","","","","","","","","","","","","","","","","","","","","","","","","","SYN07067531 32980 10907 10160 20127 48/// 81030 333 10290 20095 5//// 81362=","","","","","","","","","",""
"67531099999","2013-05-21T14:00:00","-13.5333333","23.1166667","1078.0","ZAMBEZI, ZA","FM-12","4","","50","82","","","","9","34","FEW:02 69","","","18.64","","180","","7","","","","","","","","","","","","","","","","","","","","","","","","","","","","","","","","","","","","","","","","","","","","","","","","","","","","","","","","","","","","","","","","","","","","","","","","","","","","","","","","","","","","","","","","","","","SYN05867531 42880 21806 10276 20102 48/// 82100 333 58003 82857=","","","","","","","","","",""
"67531099999","2013-05-22T08:00:00","-13.5333333","23.1166667","1078.0","ZAMBEZI, ZA","FM-12","4","","53","59","","","","","79","","","","18.64","","120","","5","","","","","","","","","","","","","","","","","","","","","","","","","","","","","","","","","","","","","","","","","","","","","","","","","","","","","","","","","","","","","","","","","","","","","","","","","","","","","","","","","","","","","","","","","","","SYN06867531 32980 01204 10152 20115 48/// 333 10286 20083 5//// 555 00082=","","","","","","","","","",""
"67531099999","2013-05-23T08:00:00","-13.5333333","23.1166667","1078.0","ZAMBEZI, ZA","FM-12","4","","53","63","","","","","68","FEW:01 394","","","18.64","","120","","5","","","","","","","","","","","","","","","","","","","","","","","","","","","","","","","","","","","","","","","","","","","","","","","","","","","","","","","","","","","","","","","","","","","","","","","","","","","","","","","","","","","","","","","","","","","SYN07067531 32980 11204 10175 20114 48/// 80001 333 10283 20116 5//// 81082=","","","","","","","","","",""
"67531099999","2013-05-24T08:00:00","-13.5333333","23.1166667","1078.0","ZAMBEZI, ZA","FM-12","4","","52","64","","","","","64","","","","18.64","","120","","6","","","","","","","","","","","","","","","","","","","","","","","","","","","","","","","","","","","","","","","","","","","","","","","","","","","","","","","","","","","","","","","","","","","","","","","","","","","","","","","","","","","","","","","","","","","SYN06867531 32980 01205 10180 20110 48/// 333 10291 20071 5//// 555 00///=","","","","","","","","","",""
"67531099999","2013-05-27T08:00:00","-13.5333333","23.1166667","1078.0","ZAMBEZI, ZA","FM-12","4","","46","56","","||HZ","","","68","","","","9.32","","110","","2","","","","","","","","","","","","","","","","","","","","","","","","","","","","","","","","","","","","","","","","","","","","","","","","","","","","","","","","","","","","","","","","","","","","","","","","","","","","","","","","","","","","","","","","","","","SYN07467531 31965 01102 10136 20078 48/// 70500 333 10270 20053 5//// 555 00///=","","","","","","","","","",""
"67531099999","2013-05-27T11:00:00","-13.5333333","23.1166667","1078.0","ZAMBEZI, ZA","FM-12","4","","50","76","","||HZ","","","40","","","","12.43","","130","","8","","","","","","","","","","","","","","","","","","","","","","","","","","","","","","","","","","","","","","","","","","","","","","","","","","","","","","","","","","","","","","","","","","","","","","","","","","","","","","","","","","","","","","","","","","","SYN05267531 41970 01307 10245 20100 48/// 70500 333 5////=","","","","","","","","","",""
"67531099999","2013-05-28T08:00:00","-13.5333333","23.1166667","1078.0","ZAMBEZI, ZA","FM-12","4","","49","59","","||HZ","","9","69","","","","6.21","","080","","2","","","","","","","","","","","","","","","","","","","","","","","","","","","","","","","","","","","","","","","","","","","","","","","","","","","","","","","","","","","","","","","","","","","","","","","","","","","","","","","","","","","","","","","","","","","SYN06467531 31960 00802 10151 20095 48/// 70500 333 10280 20065 59006=","","","","","","","","","",""
"67531099999","2013-05-29T08:00:00","-13.5333333","23.1166667","1078.0","ZAMBEZI, ZA","FM-12","4","","49","56","","||HZ","","9","76","","","","6.21","","100","","2","","","","","","","","","","","","","","","","","","","","","","","","","","","","","","","","","","","","","","","","","","","","","","","","","","","","","","","","","","","","","","","","","","","","","","","","","","","","","","","","","","","","","","","","","","","SYN06467531 31960 01002 10136 20094 48/// 70500 333 10294 20065 59003=","","","","","","","","","",""
"67531099999","2013-05-29T11:00:00","-13.5333333","23.1166667","1078.0","ZAMBEZI, ZA","FM-12","4","","51","78s","","||HZ","","9","38","","","","6.21","","090","","5","","","","","","","","","","","","","","","","","","","","","","","","","","","","","","","","","","","","","","","","","","","","","","","","","","","","","","","","","","","","","","","","","","","","","","","","","","","","","","","","","","","","","","","","","","","SYN05267531 41960 00904 10256 20103 48/// 70500 333 59002=","","","","","","","","","",""
"67531099999","2013-05-29T14:00:00","-13.5333333","23.1166667","1078.0","ZAMBEZI, ZA","FM-12","4","","50","84","","||HZ","","9","30","","","","9.32","","240","","2","","","","","","","","","","","","","","","","","","","","","","","","","","","","","","","","","","","","","","","","","","","","","","","","","","","","","","","","","","","","","","","","","","","","","","","","","","","","","","","","","","","","","","","","","","","SYN05267531 41965 02402 10290 20099 48/// 70500 333 58005=","","","","","","","","","",""
"67531099999","2013-05-30T08:00:00","-13.5333333","23.1166667","1078.0","ZAMBEZI, ZA","FM-12","4","","52","59","","||HZ","","9","76","FEW:01 394","","","3.11","","090","","1","","","","","","","","","","","","","","","","","","","","","","","","","","","","","","","","","","","","","","","","","","","","","","","","","","","","","","","","","","","","","","","","","","","","","","","","","","","","","","","","","","","","","","","","","","","SYN08667531 31950 10901 10151 20109 48/// 70500 80001 333 10301 20085 58007 81082 555 00071=","","","","","","","","","",""
"67531099999","2013-05-31T08:00:00","-13.5333333","23.1166667","1078.0","ZAMBEZI, ZA","FM-12","4","","52","59","","||HZ","","9","76","FEW:01 394","","","6.21","","110","","5","","","","","","","","","","","","","","","","","","","","","","","","","","","","","","","","","","","","","","","","","","","","","","","","","","","","","","","","","","","","","","","","","","","","","","","","","","","","","","","","","","","","","","","","","","","SYN07667531 31960 11104 10151 20109 48/// 70500 80001 333 10301 20071 58001 81082=","","","","","","","","","",""
"67531099999","2013-06-03T08:00:00","-13.5333333","23.1166667","1078.0","ZAMBEZI, ZA","FM-12","4","","49","58","","||HZ","","9","73","","","","9.32","","090","","3","","","","","","","","","","","","","","","","","","","","","","","","","","","","","","","","","","","","","","","","","","","","","","","","","","","","","","","","","","","","","","","","","","","","","","","","","","","","","","","","","","","","","","","","","","","SYN07467531 31965 00903 10144 20095 48/// 70500 333 10306 20073 58010 555 00059=","","","","","","","","","",""
"67531099999","2013-06-04T08:00:00","-13.5333333","23.1166667","1078.0","ZAMBEZI, ZA","FM-12","4","","49","55","","||HZ","","9","78","","","","12.43","","120","","1","","","","","","","","","","","","","","","","","","","","","","","","","","","","","","","","","","","","","","","","","","","","","","","","","","","","","","","","","","","","","","","","","","","","","","","","","","","","","","","","","","","","","","","","","","","SYN06467531 31970 01201 10130 20093 48/// 70500 333 10286 20050 59010=","","","","","","","","","",""
"67531099999","2013-06-05T08:00:00","-13.5333333","23.1166667","1078.0","ZAMBEZI, ZA","FM-12","4","","47","54","","||HZ","","9","79","FEW:01 394","","","9.32","","130","","1","","","","","","","","","","","","","","","","","","","","","","","","","","","","","","","","","","","","","","","","","","","","","","","","","","","","","","","","","","","","","","","","","","","","","","","","","","","","","","","","","","","","","","","","","","","SYN07667531 31965 11301 10120 20084 48/// 70500 80001 333 10290 20067 58003 81082=","","","","","","","","","",""
"67531099999","2013-06-06T08:00:00","-13.5333333","23.1166667","1078.0","ZAMBEZI, ZA","FM-12","4","","49","59","","||HZ","","9","69","FEW:01 394","","","12.43","","120","","1","","","","","","","","","","","","","","","","","","","","","","","","","","","","","","","","","","","","","","","","","","","","","","","","","","","","","","","","","","","","","","","","","","","","","","","","","","","","","","","","","","","","","","","","","","","SYN08667531 31970 11201 10152 20095 48/// 70500 80001 333 10290 20076 58024 81082 555 00050=","","","","","","","","","",""
"67531099999","2013-06-13T08:00:00","-13.5333333","23.1166667","1078.0","ZAMBEZI, ZA","FM-12","4","","48","52","","||HZ","","","85","","","","9.32","","130","","3","","","","","","","","","","","","","","","","","","","","","","","","","","","","","","","","","","","","","","","","","","","","","","","","","","","","","","","","","","","","","","","","","","","","","","","","","","","","","","","","","","","","","","","","","","","SYN07467531 31965 01303 10113 20088 48/// 70500 333 10250 20055 5//// 555 00///=","","","","","","","","","",""
"67531099999","2013-06-13T11:00:00","-13.5333333","23.1166667","1078.0","ZAMBEZI, ZA","FM-12","4","","50","71","","||HZ","","","48","","","","9.32","","140","","8","","","","","","","","","","","","","","","","","","","","","","","","","","","","","","","","","","","","","","","","","","","","","","","","","","","","","","","","","","","","","","","","","","","","","","","","","","","","","","","","","","","","","","","","","","","SYN05267531 41965 01407 10217 20102 48/// 70500 333 5////=","","","","","","","","","",""
"67531099999","2013-06-14T08:00:00","-13.5333333","23.1166667","1078.0","ZAMBEZI, ZA","FM-12","4","","48","55","","||HZ","","9","75","","","","12.43","","090","","2","","","","","","","","","","","","","","","","","","","","","","","","","","","","","","","","","","","","","","","","","","","","","","","","","","","","","","","","","","","","","","","","","","","","","","","","","","","","","","","","","","","","","","","","","","","SYN07467531 31970 00902 10130 20087 48/// 70500 333 10262 20054 58000 555 00044=","","","","","","","","","",""
"67531099999","2013-06-17T08:00:00","-13.5333333","23.1166667","1078.0","ZAMBEZI, ZA","FM-12","4","","45","56","","||HZ","","9","67","","","","12.43","","130","","6","","","","","","","","","","","","","","","","","","","","","","","","","","","","","","","","","","","","","","","","","","","","","","","","","","","","","","","","","","","","","","","","","","","","","","","","","","","","","","","","","","","","","","","","","","","SYN07467531 31970 01305 10131 20070 48/// 70500 333 10278 20075 58019 555 00062=","","","","","","","","","",""
"67531099999","2013-06-17T11:00:00","-13.5333333","23.1166667","1078.0","ZAMBEZI, ZA","FM-12","4","","46","69","","||HZ","","","43","","","","12.43","","130","","9","","","","","","","","","","","","","","","","","","","","","","","","","","","","","","","","","","","","","","","","","","","","","","","","","","","","","","","","","","","","","","","","","","","","","","","","","","","","","","","","","","","","","","","","","","","SYN05267531 41970 01308 10207 20076 48/// 70500 333 5////=","","","","","","","","","",""
"67531099999","2013-06-18T08:00:00","-13.5333333","23.1166667","1078.0","ZAMBEZI, ZA","FM-12","4","","49","54","","||HZ","","9","83","","","","12.43","","130","","5","","","","","","","","","","","","","","","","","","","","","","","","","","","","","","","","","","","","","","","","","","","","","","","","","","","","","","","","","","","","","","","","","","","","","","","","","","","","","","","","","","","","","","","","","","","SYN07467531 31970 01304 10124 20096 48/// 70500 333 10254 20070 59009 555 00066=","","","","","","","","","",""
"67531099999","2013-06-19T08:00:00","-13.5333333","23.1166667","1078.0","ZAMBEZI, ZA","FM-12","4","","44","50","","||HZ","","","80","","","","9.32","","000","","0","","","","","","","","","","","","","","","","","","","","","","","","","","","","","","","","","","","","","","","","","","","","","","","","","","","","","","","","","","","","","","","","","","","","","","","","","","","","","","","","","","","","","","","","","","","SYN07467531 31965 00000 10100 20067 48/// 70500 333 10250 20040 5//// 555 00035=","","","","","","","","","",""
"67531099999","2013-06-20T08:00:00","-13.5333333","23.1166667","1078.0","ZAMBEZI, ZA","FM-12","4","","46","53","","||HZ","","","79","","","","12.43","","130","","6","","","","","","","","","","","","","","","","","","","","","","","","","","","","","","","","","","","","","","","","","","","","","","","","","","","","","","","","","","","","","","","","","","","","","","","","","","","","","","","","","","","","","","","","","","","SYN07467531 31970 01305 10114 20078 48/// 70500 333 10250 20065 5//// 555 00059=","","","","","","","","","",""
"67531099999","2013-06-21T08:00:00","-13.5333333","23.1166667","1078.0","ZAMBEZI, ZA","FM-12","4","","46","54","","||HZ","","","75","","","","18.64","","110","","5","","","","","","","","","","","","","","","","","","","","","","","","","","","","","","","","","","","","","","","","","","","","","","","","","","","","","","","","","","","","","","","","","","","","","","","","","","","","","","","","","","","","","","","","","","","SYN07467531 32980 01104 10124 20080 48/// 70500 333 10251 20075 5//// 555 00070=","","","","","","","","","",""
"67531099999","2013-06-24T08:00:00","-13.5333333","23.1166667","1078.0","ZAMBEZI, ZA","FM-12","4","","49","58","","||HZ","","","72","SCT:03 394","","","12.43","","110","","6","","","","","","","","","","","","","","","","","","","","","","","","","","","","","","","","","","","","","","","","","","","","","","","","","","","","","","","","","","","","","","","","","","","","","","","","","","","","","","","","","","","","","","","","","","","SYN08667531 31970 31105 10145 20095 48/// 70500 80001 333 10284 20085 5//// 83082 555 00087=","","","","","","","","","",""
"67531099999","2013-06-24T11:00:00","-13.5333333","23.1166667","1078.0","ZAMBEZI, ZA","FM-12","4","","47","72","","||HZ","","","40","FEW:01 394","","","12.43","","100","","11","","","","","","","","","","","","","","","","","","","","","","","","","","","","","","","","","","","","","","","","","","","","","","","","","","","","","","","","","","","","","","","","","","","","","","","","","","","","","","","","","","","","","","","","","","","SYN06467531 41970 11010 10225 20081 48/// 70500 80001 333 5//// 81082=","","","","","","","","","",""
"67531099999","2013-06-25T08:00:00","-13.5333333","23.1166667","1078.0","ZAMBEZI, ZA","FM-12","4","","47","52","","||HZ","","9","84","FEW:02 394","","","12.43","","120","","5","","","","","","","","","","","","","","","","","","","","","","","","","","","","","","","","","","","","","","","","","","","","","","","","","","","","","","","","","","","","","","","","","","","","","","","","","","","","","","","","","","","","","","","","","","","SYN08667531 31970 21204 10110 20083 48/// 70500 80001 333 10274 20067 59012 82082 555 00047=","","","","","","","","","",""
"67531099999","2013-06-27T08:00:00","-13.5333333","23.1166667","1078.0","ZAMBEZI, ZA","FM-12","4","","48","55","","||HZ","","9","78","FEW:01 394","","","12.43","","000","","0","","","","","","","","","","","","","","","","","","","","","","","","","","","","","","","","","","","","","","","","","","","","","","","","","","","","","","","","","","","","","","","","","","","","","","","","","","","","","","","","","","","","","","","","","","","SYN08667531 31970 10000 10127 20090 48/// 70500 80001 333 10285 20061 58001 81082 555 00051=","","","","","","","","","",""
"67531099999","2013-06-28T08:00:00","-13.5333333","23.1166667","1078.0","ZAMBEZI, ZA","FM-12","4","","48","55","","||HZ","","","78","","","","9.32","","000","","0","","","","","","","","","","","","","","","","","","","","","","","","","","","","","","","","","","","","","","","","","","","","","","","","","","","","","","","","","","","","","","","","","","","","","","","","","","","","","","","","","","","","","","","","","","","SYN07467531 31965 00000 10126 20089 48/// 70500 333 10286 20076 5//// 555 00052=","","","","","","","","","",""
"67531099999","2013-07-03T11:00:00","-13.5333333","23.1166667","1078.0","ZAMBEZI, ZA","FM-12","4","","51","77","","||HZ","","","40","","","","12.43","","100","","5","","","","","","","","","","","","","","","","","","","","","","","","","","","","","","","","","","","","","","","","","","","","","","","","","","","","","","","","","","","","","","","","","","","","","","","","","","","","","","","","","","","","","","","","","","","SYN05267531 41970 01004 10251 20104 48/// 70500 333 5////=","","","","","","","","","",""
"67531099999","2013-07-04T08:00:00","-13.5333333","23.1166667","1078.0","ZAMBEZI, ZA","FM-12","4","","47","52","","||HZ","","9","85","","","","9.32","","000","","0","","","","","","","","","","","","","","","","","","","","","","","","","","","","","","","","","","","","","","","","","","","","","","","","","","","","","","","","","","","","","","","","","","","","","","","","","","","","","","","","","","","","","","","","","","","SYN07467531 31965 00000 10110 20085 48/// 70500 333 10290 20060 59011 555 00050=","","","","","","","","","",""
"67531099999","2013-07-04T11:00:00","-13.5333333","23.1166667","1078.0","ZAMBEZI, ZA","FM-12","4","","50","77s","","||HZ","","9","39","","","","9.32","","110","","9","","","","","","","","","","","","","","","","","","","","","","","","","","","","","","","","","","","","","","","","","","","","","","","","","","","","","","","","","","","","","","","","","","","","","","","","","","","","","","","","","","","","","","","","","","","SYN05267531 41965 01108 10252 20101 48/// 70500 333 59007=","","","","","","","","","",""
"67531099999","2013-07-05T08:00:00","-13.5333333","23.1166667","1078.0","ZAMBEZI, ZA","FM-12","4","","49","59","","||HZ","","9","68","","","","9.32","","130","","6","","","","","","","","","","","","","","","","","","","","","","","","","","","","","","","","","","","","","","","","","","","","","","","","","","","","","","","","","","","","","","","","","","","","","","","","","","","","","","","","","","","","","","","","","","","SYN07467531 31965 01305 10150 20092 48/// 70500 333 10311 20100 58014 555 00///=","","","","","","","","","",""
"67531099999","2013-07-08T08:00:00","-13.5333333","23.1166667","1078.0","ZAMBEZI, ZA","FM-12","4","","43","52","","||HZ","","9","71","","","","9.32","","130","","3","","","","","","","","","","","","","","","","","","","","","","","","","","","","","","","","","","","","","","","","","","","","","","","","","","","","","","","","","","","","","","","","","","","","","","","","","","","","","","","","","","","","","","","","","","","SYN07467531 31965 01303 10113 20062 48/// 70500 333 10276 20055 58022 555 00///=","","","","","","","","","",""
"67531099999","2013-07-08T11:00:00","-13.5333333","23.1166667","1078.0","ZAMBEZI, ZA","FM-12","4","","45","72","","||HZ","","","39","","","","9.32","","110","","3","","","","","","","","","","","","","","","","","","","","","","","","","","","","","","","","","","","","","","","","","","","","","","","","","","","","","","","","","","","","","","","","","","","","","","","","","","","","","","","","","","","","","","","","","","","SYN05267531 41965 01103 10220 20074 48/// 70500 333 5////=","","","","","","","","","",""
"67531099999","2013-07-09T08:00:00","-13.5333333","23.1166667","1078.0","ZAMBEZI, ZA","FM-12","4","","44","56","","||HZ","","9","65","","","","9.32","","090","","5","","","","","","","","","","","","","","","","","","","","","","","","","","","","","","","","","","","","","","","","","","","","","","","","","","","","","","","","","","","","","","","","","","","","","","","","","","","","","","","","","","","","","","","","","","","SYN07467531 31965 00904 10131 20066 48/// 70500 333 10273 20088 58000 555 00070=","","","","","","","","","",""
"67531099999","2013-07-09T11:00:00","-13.5333333","23.1166667","1078.0","ZAMBEZI, ZA","FM-12","4","","44","73","","||HZ","","9","35","","","","3.11","","150","","9","","","","","","","","","","","","","","","","","","","","","","","","","","","","","","","","","","","","","","","","","","","","","","","","","","","","","","","","","","","","","","","","","","","","","","","","","","","","","","","","","","","","","","","","","","","SYN05267531 41650 01508 10228 20066 48/// 70500 333 58000=","","","","","","","","","",""
"67531099999","2013-07-10T08:00:00","-13.5333333","23.1166667","1078.0","ZAMBEZI, ZA","FM-12","4","","44","56","","||HZ","","9","64","","","","9.32","","110","","5","","","","","","","","","","","","","","","","","","","","","","","","","","","","","","","","","","","","","","","","","","","","","","","","","","","","","","","","","","","","","","","","","","","","","","","","","","","","","","","","","","","","","","","","","","","SYN07467531 31965 01104 10131 20064 48/// 70500 333 10263 20094 59004 555 00///=","","","","","","","","","",""
"67531099999","2013-07-11T08:00:00","-13.5333333","23.1166667","1078.0","ZAMBEZI, ZA","FM-12","4","","45","71","","||HZ","","","40","","","","9.32","","140","","8","","","","","","","","","","","","","","","","","","","","","","","","","","","","","","","","","","","","","","","","","","","","","","","","","","","","","","","","","","","","","","","","","","","","","","","","","","","","","","","","","","","","","","","","","","","SYN05267531 41965 01407 10216 20075 48/// 70500 333 5////=","","","","","","","","","",""
"67531099999","2013-07-11T11:00:00","-13.5333333","23.1166667","1078.0","ZAMBEZI, ZA","FM-12","4","","45","71","","||HZ","","","40","","","","9.32","","140","","8","","","","","","","","","","","","","","","","","","","","","","","","","","","","","","","","","","","","","","","","","","","","","","","","","","","","","","","","","","","","","","","","","","","","","","","","","","","","","","","","","","","","","","","","","","","SYN05267531 41965 01407 10216 20075 48/// 70500 333 5////=","","","","","","","","","",""
"67531099999","2013-07-11T12:00:00","-13.5333333","23.1166667","1078.0","ZAMBEZI, ZA","FM-12","4","","45","71","","||HZ","","","40","","","","9.32","","140","","8","","","","","","","","","","","","","","","","","","","","","","","","","","","","","","","","","","","","","","","","","","","","","","","","","","","","","","","","","","","","","","","","","","","","","","","","","","","","","","","","","","","","","","","","","","","SYN05267531 41965 01407 10216 20075 48/// 70500 333 5////=","","","","","","","","","",""
"67531099999","2013-07-12T08:00:00","-13.5333333","23.1166667","1078.0","ZAMBEZI, ZA","FM-12","4","","45","54","","||HZ","","9","74","","","","9.32","","120","","8","","","","","","","","","","","","","","","","","","","","","","","","","","","","","","","","","","","","","","","","","","","","","","","","","","","","","","","","","","","","","","","","","","","","","","","","","","","","","","","","","","","","","","","","","","","SYN07467531 31965 01207 10121 20075 48/// 70500 333 10249 20081 58006 555 00062=","","","","","","","","","",""
"67531099999","2013-07-16T08:00:00","-13.5333333","23.1166667","1078.0","ZAMBEZI, ZA","FM-12","4","","47","55","","||HZ","","9","73","","","","9.32","","130","","1","","","","","","","","","","","","","","","","","","","","","","","","","","","","","","","","","","","","","","","","","","","","","","","","","","","","","","","","","","","","","","","","","","","","","","","","","","","","","","","","","","","","","","","","","","","SYN07467531 31965 01301 10130 20083 48/// 70500 333 10270 20068 58005 555 00055=","","","","","","","","","",""
"67531099999","2013-07-17T08:00:00","-13.5333333","23.1166667","1078.0","ZAMBEZI, ZA","FM-12","4","","46","54","","||HZ","","9","75","","","","9.32","","120","","1","","","","","","","","","","","","","","","","","","","","","","","","","","","","","","","","","","","","","","","","","","","","","","","","","","","","","","","","","","","","","","","","","","","","","","","","","","","","","","","","","","","","","","","","","","","SYN07467531 31965 01201 10120 20076 48/// 70500 333 10276 20060 58005 555 00037=","","","","","","","","","",""
"67531099999","2013-07-18T08:00:00","-13.5333333","23.1166667","1078.0","ZAMBEZI, ZA","FM-12","4","","45","54","","||HZ","","9","72","","","","9.32","","120","","5","","","","","","","","","","","","","","","","","","","","","","","","","","","","","","","","","","","","","","","","","","","","","","","","","","","","","","","","","","","","","","","","","","","","","","","","","","","","","","","","","","","","","","","","","","","SYN07467531 31965 01204 10121 20071 48/// 70500 333 10273 20052 58000 555 00038=","","","","","","","","","",""
"67531099999","2013-07-18T11:00:00","-13.5333333","23.1166667","1078.0","ZAMBEZI, ZA","FM-12","4","","46","74s","","||HZ","","9","37","","","","9.32","","110","","7","","","","","","","","","","","","","","","","","","","","","","","","","","","","","","","","","","","","","","","","","","","","","","","","","","","","","","","","","","","","","","","","","","","","","","","","","","","","","","","","","","","","","","","","","","","SYN05267531 41965 01106 10231 20076 48/// 70500 333 59001=","","","","","","","","","",""
"67531099999","2013-07-19T08:00:00","-13.5333333","23.1166667","1078.0","ZAMBEZI, ZA","FM-12","4","","45","56","","||HZ","","9","69","","","","9.32","","100","","8","","","","","","","","","","","","","","","","","","","","","","","","","","","","","","","","","","","","","","","","","","","","","","","","","","","","","","","","","","","","","","","","","","","","","","","","","","","","","","","","","","","","","","","","","","","SYN07467531 31965 01007 10131 20074 48/// 70500 333 10276 20066 59012 555 00043=","","","","","","","","","",""
"67531099999","2013-07-22T08:00:00","-13.5333333","23.1166667","1078.0","ZAMBEZI, ZA","FM-12","4","","44","53","","||HZ","","9","72","","","","12.43","","120","","8","","","","","","","","","","","","","","","","","","","","","","","","","","","","","","","","","","","","","","","","","","","","","","","","","","","","","","","","","","","","","","","","","","","","","","","","","","","","","","","","","","","","","","","","","","","SYN07467531 31970 01207 10116 20067 48/// 70500 333 10275 20086 59008 555 00056=","","","","","","","","","",""
"67531099999","2013-07-23T11:00:00","-13.5333333","23.1166667","1078.0","ZAMBEZI, ZA","FM-12","4","","44","70","","||HZ","","9","40","","","","12.43","","110","","10","","","","","","","","","","","","","","","","","","","","","","","","","","","","","","","","","","","","","","","","","","","","","","","","","","","","","","","","","","","","","","","","","","","","","","","","","","","","","","","","","","","","","","","","","","","SYN05267531 41970 01109 10212 20069 48/// 70500 333 59017=","","","","","","","","","",""
"67531099999","2013-07-25T08:00:00","-13.5333333","23.1166667","1078.0","ZAMBEZI, ZA","FM-12","4","","45","58","","||HZ","","9","63","","","","9.32","","110","","8","","","","","","","","","","","","","","","","","","","","","","","","","","","","","","","","","","","","","","","","","","","","","","","","","","","","","","","","","","","","","","","","","","","","","","","","","","","","","","","","","","","","","","","","","","","SYN07467531 31965 01107 10143 20074 48/// 70500 333 10276 20114 58027 555 00080=","","","","","","","","","",""
"67531099999","2013-07-26T08:00:00","-13.5333333","23.1166667","1078.0","ZAMBEZI, ZA","FM-12","4","","44","57","","||HZ","","9","62","","","","12.43","","130","","7","","","","","","","","","","","","","","","","","","","","","","","","","","","","","","","","","","","","","","","","","","","","","","","","","","","","","","","","","","","","","","","","","","","","","","","","","","","","","","","","","","","","","","","","","","","SYN07467531 31970 01306 10140 20068 48/// 70500 333 10275 20100 59023 555 00075=","","","","","","","","","",""
"67531099999","2013-07-31T08:00:00","-13.5333333","23.1166667","1078.0","ZAMBEZI, ZA","FM-12","4","","47","59","","||HZ","","9","66","","","","6.21","","110","","6","","","","","","","","","","","","","","","","","","","","","","","","","","","","","","","","","","","","","","","","","","","","","","","","","","","","","","","","","","","","","","","","","","","","","","","","","","","","","","","","","","","","","","","","","","","SYN07467531 31960 01105 10150 20086 48/// 70500 333 10285 20117 58011 555 00092=","","","","","","","","","",""
"67531099999","2013-08-01T08:00:00","-13.5333333","23.1166667","1078.0","ZAMBEZI, ZA","FM-12","4","","48","60","","||HZ","","9","64","FEW:01 98","","","15.53","","120","","10","","","","","","","","","","","","","","","","","","","","","","","","","","","","","","","","","","","","","","","","","","","","","","","","","","","","","","","","","","","","","","","","","","","","","","","","","","","","","","","","","","","","","","","","","","","SYN16067531 31975 11209 10156 20088 48/// 70500 81030 333 10280 20135 58006 81360 555 00118 67441 31960 015// 10135 20081 48598 70500 333 10270 20/// 58008 555 00///=","","","","","","","","","",""
"67531099999","2013-08-06T08:00:00","-13.5333333","23.1166667","1078.0","ZAMBEZI, ZA","FM-12","4","","43","52","","||HZ","","","70","","","","9.32","","130","","2","","","","","","","","","","","","","","","","","","","","","","","","","","","","","","","","","","","","","","","","","","","","","","","","","","","","","","","","","","","","","","","","","","","","","","","","","","","","","","","","","","","","","","","","","","","SYN06467531 31965 01302 10112 20059 48/// 70500 333 10274 20063 5////=","","","","","","","","","",""
"67531099999","2013-08-06T11:00:00","-13.5333333","23.1166667","1078.0","ZAMBEZI, ZA","FM-12","4","","44","77s","","||HZ","","","31","","","","9.32","","140","","8","","","","","","","","","","","","","","","","","","","","","","","","","","","","","","","","","","","","","","","","","","","","","","","","","","","","","","","","","","","","","","","","","","","","","","","","","","","","","","","","","","","","","","","","","","","SYN05267531 41965 01407 10250 20068 48/// 70500 333 5////=","","","","","","","","","",""
"67531099999","2013-08-07T08:00:00","-13.5333333","23.1166667","1078.0","ZAMBEZI, ZA","FM-12","4","","42","54","","||HZ","","9","64","","","","9.32","","110","","5","","","","","","","","","","","","","","","","","","","","","","","","","","","","","","","","","","","","","","","","","","","","","","","","","","","","","","","","","","","","","","","","","","","","","","","","","","","","","","","","","","","","","","","","","","","SYN06467531 31965 01104 10120 20053 48/// 70500 333 10279 20040 59014=","","","","","","","","","",""
"67531099999","2013-08-08T08:00:00","-13.5333333","23.1166667","1078.0","ZAMBEZI, ZA","FM-12","4","","49","58","","||HZ","","9","73","BKN:07 108","","","6.21","","150","","1","","","","","","","","","","","","","","","","","","","","","","","","","","","","","","","","","","","","","","","","","","","","","","","","","","","","","","","","","","","","","","","","","","","","","","","","","","","","","","","","","","","","","","","","","","","SYN07667531 31960 71501 10144 20096 48/// 70500 87030 333 10295 20096 59013 87361=","","","","","","","","","",""
"67531099999","2013-08-08T11:00:00","-13.5333333","23.1166667","1078.0","ZAMBEZI, ZA","FM-12","4","","52","78s","","||HZ","","","40","","","","3.11","","150","","3","","","","","","","","","","","","","","","","","","","","","","","","","","","","","","","","","","","","","","","","","","","","","","","","","","","","","","","","","","","","","","","","","","","","","","","","","","","","","","","","","","","","","","","","","","","SYN05267531 41950 01503 10255 20110 48/// 70520 333 5////=","","","","","","","","","",""
"67531099999","2013-08-09T08:00:00","-13.5333333","23.1166667","1078.0","ZAMBEZI, ZA","FM-12","4","","51","62","","||HZ","","","67","","","","6.21","","090","","3","","","","","","","","","","","","","","","","","","","","","","","","","","","","","","","","","","","","","","","","","","","","","","","","","","","","","","","","","","","","","","","","","","","","","","","","","","","","","","","","","","","","","","","","","","","SYN06467531 31960 00903 10169 20106 48/// 70500 333 10300 20108 5////=","","","","","","","","","",""
"67531099999","2013-08-09T11:00:00","-13.5333333","23.1166667","1078.0","ZAMBEZI, ZA","FM-12","4","","54","82","","||HZ","","9","39","","","","6.21","","090","","8","","","","","","","","","","","","","","","","","","","","","","","","","","","","","","","","","","","","","","","","","","","","","","","","","","","","","","","","","","","","","","","","","","","","","","","","","","","","","","","","","","","","","","","","","","","SYN05267531 41960 00907 10277 20125 48/// 70500 333 58001=","","","","","","","","","",""
"67531099999","2013-08-12T08:00:00","-13.5333333","23.1166667","1078.0","ZAMBEZI, ZA","FM-12","4","","45","65","","||HZ","","9","48","","","","6.21","","070","","7","","","","","","","","","","","","","","","","","","","","","","","","","","","","","","","","","","","","","","","","","","","","","","","","","","","","","","","","","","","","","","","","","","","","","","","","","","","","","","","","","","","","","","","","","","","SYN06467531 31960 00706 10185 20071 48/// 70500 333 10321 20139 58001=","","","","","","","","","",""
"67531099999","2013-08-13T08:00:00","-13.5333333","23.1166667","1078.0","ZAMBEZI, ZA","FM-12","4","","45","60","","||HZ","","9","58","BKN:05 295","","","6.21","","000","","0","","","","","","","","","","","","","","","","","","","","","","","","","","","","","","","","","","","","","","","","","","","","","","","","","","","","","","","","","","","","","","","","","","","","","","","","","","","","","","","","","","","","","","","","","","","SYN07667531 31960 50000 10156 20073 48/// 70511 80008 333 10317 20093 59004 85280=","","","","","","","","","",""
"67531099999","2013-08-14T08:00:00","-13.5333333","23.1166667","1078.0","ZAMBEZI, ZA","FM-12","4","","45","58","","||HZ","","9","62","","","","3.11","","110","","3","","","","","","","","","","","","","","","","","","","","","","","","","","","","","","","","","","","","","","","","","","","","","","","","","","","","","","","","","","","","","","","","","","","","","","","","","","","","","","","","","","","","","","","","","","","SYN06467531 31950 01103 10145 20072 48/// 70500 333 10320 20110 59002=","","","","","","","","","",""
"67531099999","2013-08-15T08:00:00","-13.5333333","23.1166667","1078.0","ZAMBEZI, ZA","FM-12","4","","48","59","","||HZ","","9","67","","","","3.11","","100","","2","","","","","","","","","","","","","","","","","","","","","","","","","","","","","","","","","","","","","","","","","","","","","","","","","","","","","","","","","","","","","","","","","","","","","","","","","","","","","","","","","","","","","","","","","","","SYN06467531 31950 01002 10150 20088 48/// 70500 333 10327 20090 59001=","","","","","","","","","",""
"67531099999","2013-08-16T08:00:00","-13.5333333","23.1166667","1078.0","ZAMBEZI, ZA","FM-12","4","","46","63","","||HZ","","9","56","","","","3.11","","170","","3","","","","","","","","","","","","","","","","","","","","","","","","","","","","","","","","","","","","","","","","","","","","","","","","","","","","","","","","","","","","","","","","","","","","","","","","","","","","","","","","","","","","","","","","","","","SYN06467531 31950 01703 10170 20080 48/// 70500 333 10337 20097 58005=","","","","","","","","","",""
"67531099999","2013-08-19T08:00:00","-13.5333333","23.1166667","1078.0","ZAMBEZI, ZA","FM-12","4","","44","57","","||HZ","","9","61","","","","3.11","","160","","2","","","","","","","","","","","","","","","","","","","","","","","","","","","","","","","","","","","","","","","","","","","","","","","","","","","","","","","","","","","","","","","","","","","","","","","","","","","","","","","","","","","","","","","","","","","SYN06467531 31950 01602 10141 20067 48/// 70500 333 10326 20082 58002=","","","","","","","","","",""
"67531099999","2013-08-20T08:00:00","-13.5333333","23.1166667","1078.0","ZAMBEZI, ZA","FM-12","4","","42","62","","||HZ","","9","48","","","","3.11","","100","","5","","","","","","","","","","","","","","","","","","","","","","","","","","","","","","","","","","","","","","","","","","","","","","","","","","","","","","","","","","","","","","","","","","","","","","","","","","","","","","","","","","","","","","","","","","","SYN06467531 31950 01004 10165 20055 48/// 70500 333 10330 20121 58013=","","","","","","","","","",""
"67531099999","2013-08-21T08:00:00","-13.5333333","23.1166667","1078.0","ZAMBEZI, ZA","FM-12","4","","52","62","","||HZ","","9","72","BKN:06 295","","","3.11","","090","","8","","","","","","","","","","","","","","","","","","","","","","","","","","","","","","","","","","","","","","","","","","","","","","","","","","","","","","","","","","","","","","","","","","","","","","","","","","","","","","","","","","","","","","","","","","","SYN07667531 31950 60907 10165 20113 48/// 70522 80008 333 10312 20127 58001 86280=","","","","","","","","","",""
"67531099999","2013-08-23T08:00:00","-13.5333333","23.1166667","1078.0","ZAMBEZI, ZA","FM-12","4","","48","62","","||HZ","","9","61","","","","6.21","","100","","2","","","","","","","","","","","","","","","","","","","","","","","","","","","","","","","","","","","","","","","","","","","","","","","","","","","","","","","","","","","","","","","","","","","","","","","","","","","","","","","","","","","","","","","","","","","SYN06467531 31960 01002 10166 20089 48/// 70500 333 10316 20094 58009=","","","","","","","","","",""
"67531099999","2013-08-27T08:00:00","-13.5333333","23.1166667","1078.0","ZAMBEZI, ZA","FM-12","4","","49","63","","||HZ","","9","60","","","","9.32","","110","","5","","","","","","","","","","","","","","","","","","","","","","","","","","","","","","","","","","","","","","","","","","","","","","","","","","","","","","","","","","","","","","","","","","","","","","","","","","","","","","","","","","","","","","","","","","","SYN06467531 31965 01104 10170 20092 48/// 70500 333 10315 20158 58004=","","","","","","","","","",""
"67531099999","2013-09-06T08:00:00","-13.5333333","23.1166667","1078.0","ZAMBEZI, ZA","FM-12","4","","44","67","","||HZ","","9","43","","","","12.43","","100","","9","","","","","","","","","","","","","","","","","","","","","","","","","","","","","","","","","","","","","","","","","","","","","","","","","","","","","","","","","","","","","","","","","","","","","","","","","","","","","","","","","","","","","","","","","","","SYN06467531 31970 01008 10194 20065 48/// 70500 333 10340 20150 58015=","","","","","","","","","",""
"67531099999","2013-09-18T08:00:00","-13.5333333","23.1166667","1078.0","ZAMBEZI, ZA","FM-12","4","","45","74","","||HZ","","9","36","FEW:01 295","","","6.21","","100","","8","","","","","","","","","","","","","","","","","","","","","","","","","","","","","","","","","","","","","","","","","","","","","","","","","","","","","","","","","","","","","","","","","","","","","","","","","","","","","","","","","","","","","","","","","","","SYN07667531 31960 11007 10234 20075 48/// 70500 80002 333 10381 20144 58017 81080=","","","","","","","","","",""
"67531099999","2013-10-04T08:00:00","-13.5333333","23.1166667","1078.0","ZAMBEZI, ZA","FM-12","4","","39","71","","||HZ","","9","32","","","","15.53","","100","","9","","","","","","","","","","","","","","","","","","","","","","","","","","","","","","","","","","","","","","","","","","","","","","","","","","","","","","","","","","","","","","","","","","","","","","","","","","","","","","","","","","","","","","","","","","","SYN07467531 31975 01008 10215 20041 48/// 70500 333 10326 20145 59005 555 00130=","","","","","","","","","",""
"67531099999","2013-10-07T08:00:00","-13.5333333","23.1166667","1078.0","ZAMBEZI, ZA","FM-12","4","","47","79","","||HZ","","","32","BKN:06 98","","","15.53","","090","","10","","","","","","","","","","","","","","","","","","","","","","","","","","","","","","","","","","","","","","","","","","","","","","","","","","","","","","","","","","","","","","","","","","","","","","","","","","","","","","","","","","","","","","","","","","","SYN07667531 31975 60909 10262 20084 48/// 70522 86030 333 10368 20157 5//// 86360=","","","","","","","","","",""
"67531099999","2013-10-21T08:00:00","-13.5333333","23.1166667","1078.0","ZAMBEZI, ZA","FM-12","4","","61","72","","","","","69","BKN:07 98","","","18.64","","000","","0","","","","","","","","","","","","","","","","","","","","","","","","","","","","","","","","","","","","","","","","","","","","","","","","","","","","","","","","","","","","","","","","","","","","","","","","","","","","","","","","","","","","","","","","","","","SYN08667531 31980 70000 10221 20161 48/// 70292 8707/ 333 10380 20206 5//// 87360 555 00209=","","","","","","","","","",""
"67531099999","2013-10-22T08:00:00","-13.5333333","23.1166667","1078.0","ZAMBEZI, ZA","FM-12","4","","61","75","","","","9","61","BKN:07 98","","","18.64","","340","","6","","","","","","","","","","","","","","","","","","","","","","","","","","","","","","","","","","","","","","","","","","","","","","","","","","","","","","","","","","","","","","","","","","","","","","","","","","","","","","","","","","","","","","","","","","","SYN07667531 12980 73405 10239 20159 48/// 69904 8707/ 333 10336 20202 58000 87360=","","","","","","","","","",""
"67531099999","2013-10-23T08:00:00","-13.5333333","23.1166667","1078.0","ZAMBEZI, ZA","FM-12","4","","62","71","","","","","75","BKN:07 98","","","18.64","","050","","2","","","","","","","","","","","","","","","","","","","","","","","","","","","","","","","","","","","","","","","","","","","","","","","","","","","","","","","","","","","","","","","","","","","","","","","","","","","","","","","","","","","","","","","","","","","SYN07667531 12980 70502 10214 20168 48/// 60024 8707/ 333 10338 20183 5//// 87360=","","","","","","","","","",""
"67531099999","2013-10-25T08:00:00","-13.5333333","23.1166667","1078.0","ZAMBEZI, ZA","FM-12","4","","62","73","","","","9","68","FEW:01 25 FEW:01 295","","","18.64","","110","","7","","","","","","","","","","","","","","","","","","","","","","","","","","","","","","","","","","","","","","","","","","","","","","","","","","","","","","","","","","","","","","","","","","","","","","","","","","","","","","","","","","","","","","","","","","","SYN09267531 12580 11106 10230 20167 48/// 69914 81101 333 10339 20181 58001 81825 81080 555 00174=","","","","","","","","","",""
"67531099999","2013-10-28T08:00:00","-13.5333333","23.1166667","1078.0","ZAMBEZI, ZA","FM-12","4","","62","72","","","","9","72","SCT:03 98 FEW:01 295","","","18.64","","030","","2","","","","","","","","","","","","","","","","","","","","","","","","","","","","","","","","","","","","","","","","","","","","","","","","","","","","","","","","","","","","","","","","","","","","","","","","","","","","","","","","","","","","","","","","","","","SYN09867531 11/80 30302 10221 20167 48/// 60014 72998 83032 333 10356 20190 59011 83360 81080 555 00180=","","","","","","","","","",""
"67531099999","2013-10-31T08:00:00","-13.5333333","23.1166667","1078.0","ZAMBEZI, ZA","FM-12","4","","62","68","","||RA","","","80","BKN:07 98","","","18.64","","000","","0","","","","","","","","","","","","","","","","","","","","","","","","","","","","","","","","","","","","","","","","","","","","","","","","","","","","","","","","","","","","","","","","","","","","","","","","","","","","","","","","","","","","","","","","","","","SYN08267531 11980 70000 10202 20167 48/// 60104 76066 8707/ 333 10354 20183 5//// 87460=","","","","","","","","","",""
"67531099999","2013-11-01T08:00:00","-13.5333333","23.1166667","1078.0","ZAMBEZI, ZA","FM-12","4","","63","76","","","","","65","FEW:01 295","","","18.64","","300","","3","","","","","","","","","","","","","","","","","","","","","","","","","","","","","","","","","","","","","","","","","","","","","","","","","","","","","","","","","","","","","","","","","","","","","","","","","","","","","","","","","","","","","","","","","","","SYN07667531 12980 13003 10245 20174 48/// 69904 80002 333 10270 20172 5//// 81080=","","","","","","","","","",""
"67531099999","2013-11-04T08:00:00","-13.5333333","23.1166667","1078.0","ZAMBEZI, ZA","FM-12","4","","64","67","","||RA","","","91","BKN:07 98","","","18.64","","160","","2","","","","","","","","","","","","","","","","","","","","","","","","","","","","","","","","","","","","","","","","","","","","","","","","","","","","","","","","","","","","","","","","","","","","","","","","","","","","","","","","","","","","","","","","","","","SYN08267531 11980 71602 10196 20180 48/// 60254 79196 8707/ 333 10271 20185 5//// 87460=","","","","","","","","","",""
"67531099999","2013-11-05T08:00:00","-13.5333333","23.1166667","1078.0","ZAMBEZI, ZA","FM-12","4","","64","70","","","","","84","BKN:05 98","","","18.64","","120","","3","","","","","","","","","","","","","","","","","","","","","","","","","","","","","","","","","","","","","","","","","","","","","","","","","","","","","","","","","","","","","","","","","","","","","","","","","","","","","","","","","","","","","","","","","","","SYN08667531 12980 51203 10209 20180 48/// 60034 85070 333 10301 20186 5//// 85360 555 00187=","","","","","","","","","",""
"67531099999","2013-11-06T08:00:00","-13.5333333","23.1166667","1078.0","ZAMBEZI, ZA","FM-12","4","","63","67","","","","9","87","BKN:07 98","","","18.64","","220","","2","","","","","","","","","","","","","","","","","","","","","","","","","","","","","","","","","","","","","","","","","","","","","","","","","","","","","","","","","","","","","","","","","","","","","","","","","","","","","","","","","","","","","","","","","","","SYN09267531 11980 72202 10196 20174 48/// 60044 72196 8707/ 333 10319 20175 58005 87460 555 00173=","","","","","","","","","",""
"67531099999","2013-11-07T08:00:00","-13.5333333","23.1166667","1078.0","ZAMBEZI, ZA","FM-12","4","","66","72","","","","","83","FEW:01 295","","","18.64","","000","","0","","","","","","","","","","","","","","","","","","","","","","","","","","","","","","","","","","","","","","","","","","","","","","","","","","","","","","","","","","","","","","","","","","","","","","","","","","","","","","","","","","","","","","","","","","","SYN07067531 32980 10000 10221 20191 48/// 80002 333 10304 20175 5//// 81080=","","","","","","","","","",""
"67531099999","2013-11-08T08:00:00","-13.5333333","23.1166667","1078.0","ZAMBEZI, ZA","FM-12","4","","66","71","","","","","84","FEW:02 98 BKN:06 295","","","18.64","","290","","2","","","","","","","","","","","","","","","","","","","","","","","","","","","","","","","","","","","","","","","","","","","","","","","","","","","","","","","","","","","","","","","","","","","","","","","","","","","","","","","","","","","","","","","","","","","SYN08667531 32980 62902 10219 20190 48/// 82078 333 10335 20190 5//// 82360 86280 555 00186=","","","","","","","","","",""
"67531099999","2013-11-11T08:00:00","-13.5333333","23.1166667","1078.0","ZAMBEZI, ZA","FM-12","4","","63","73","","","","","73","FEW:01 98 BKN:07 295","","","18.64","","200","","1","","","","","","","","","","","","","","","","","","","","","","","","","","","","","","","","","","","","","","","","","","","","","","","","","","","","","","","","","","","","","","","","","","","","","","","","","","","","","","","","","","","","","","","","","","","SYN09267531 12980 72001 10227 20175 48/// 69924 81038 333 10311 20190 5//// 81360 87280 555 00184=","","","","","","","","","",""
"67531099999","2013-11-13T08:00:00","-13.5333333","23.1166667","1078.0","ZAMBEZI, ZA","FM-12","4","","65","74","","||TS","","","74","BKN:07 98","","","18.64","","000","","0","","","","","","","","","","","","","","","","","","","","","","","","","","","","","","","","","","","","","","","","","","","","","","","","","","","","","","","","","","","","","","","","","","","","","","","","","","","","","","","","","","","","","","","","","","","SYN08867531 11/80 70000 10235 20186 48/// 69934 79599 8197/ 333 10305 20201 5//// 819// 87460=","","","","","","","","","",""
"67531099999","2013-11-14T08:00:00","-13.5333333","23.1166667","1078.0","ZAMBEZI, ZA","FM-12","4","","66","69","","","","","91","FEW:01 7 BKN:07 98","","","18.64","","000","","0","","","","","","","","","","","","","","","","","","","","","","","","","","","","","","","","","","","","","","","","","","","","","","","","","","","","","","","","","","","","","","","","","","","","","","","","","","","","","","","","","","","","","","","","","","","SYN08267531 12380 70000 10206 20190 48/// 60054 8167/ 333 10313 20187 5//// 81707 87460=","","","","","","","","","",""
"67531099999","2013-11-22T08:00:00","-13.5333333","23.1166667","1078.0","ZAMBEZI, ZA","FM-12","4","","66","68","","","","9","96","FEW:02 7 OVC:08 98","","","18.64","","000","","0","","","","","","","","","","","","","","","","","","","","","","","","","","","","","","","","","","","","","","","","","","","","","","","","","","","","","","","","","","","","","","","","","","","","","","","","","","","","","","","","","","","","","","","","","","","SYN09867531 11380 80000 10198 20191 48/// 60424 72166 8277/ 333 10332 20189 58011 82707 88460 555 00///=","","","","","","","","","",""
"67531099999","2013-11-25T11:00:00","-13.5333333","23.1166667","1078.0","ZAMBEZI, ZA","FM-12","4","","64","66","","||RA","","","94","BKN:05 6 OVC:08 187","","","18.64","","030","","3","","","","","","","","","","","","","","","","","","","","","","","","","","","","","","","","","","","","","","","","","","","","","","","","","","","","","","","","","","","","","","","","","","","","","","","","","","","","","","","","","","","","","","","","","","","SYN07067531 41380 80303 10190 20180 48/// 76166 8577/ 333 5//// 85706 88469=","","","","","","","","","",""
"67531099999","2013-11-26T08:00:00","-13.5333333","23.1166667","1078.0","ZAMBEZI, ZA","FM-12","4","","66","67","","","","9","98","FEW:02 6 BKN:07 98","","","18.64","","140","","1","","","","","","","","","","","","","","","","","","","","","","","","","","","","","","","","","","","","","","","","","","","","","","","","","","","","","","","","","","","","","","","","","","","","","","","","","","","","","","","","","","","","","","","","","","","SYN09867531 12380 71401 10195 20191 48/// 60064 8267/ 333 10237 20170 59012 82706 87360 555 00/// 20005=","","","","","","","","","",""
"67531099999","2013-11-27T11:00:00","-13.5333333","23.1166667","1078.0","ZAMBEZI, ZA","FM-12","4","","68","80","","","","9","66","BKN:05 30","","","18.64","","000","","0","","","","","","","","","","","","","","","","","","","","","","","","","","","","","","","","","","","","","","","","","","","","","","","","","","","","","","","","","","","","","","","","","","","","","","","","","","","","","","","","","","","","","","","","","","","SYN05867531 42580 50000 10269 20201 48/// 85100 333 58005 85830=","","","","","","","","","",""
"67531099999","2013-11-29T08:00:00","-13.5333333","23.1166667","1078.0","ZAMBEZI, ZA","FM-12","4","","64","71","","","","9","77","FEW:01 98","","","18.64","","330","","3","","","","","","","","","","","","","","","","","","","","","","","","","","","","","","","","","","","","","","","","","","","","","","","","","","","","","","","","","","","","","","","","","","","","","","","","","","","","","","","","","","","","","","","","","","","SYN15267531 12980 13303 10219 20176 48/// 69904 81080 333 10316 20170 59001 81360 555 00/// 67666 32980 00912 10232 20157 48537 10330 20180 58001 20000 91020=","","","","","","","","","",""
"67531099999","2013-11-29T11:00:00","-13.5333333","23.1166667","1078.0","ZAMBEZI, ZA","FM-12","4","","67","83","","","","9","59","BKN:07 35","","","18.64","","000","","0","","","","","","","","","","","","","","","","","","","","","","","","","","","","","","","","","","","","","","","","","","","","","","","","","","","","","","","","","","","","","","","","","","","","","","","","","","","","","","","","","","","","","","","","","","","SYN05867531 42680 70000 10281 20193 48/// 87100 333 58010 87836=","","","","","","","","","",""
"67531099999","2013-11-29T14:00:00","-13.5333333","23.1166667","1078.0","ZAMBEZI, ZA","FM-12","4","","66","85","","","","9","53","FEW:02 43 BKN:05 295","","","18.64","","000","","0","","","","","","","","","","","","","","","","","","","","","","","","","","","","","","","","","","","","","","","","","","","","","","","","","","","","","","","","","","","","","","","","","","","","","","","","","","","","","","","","","","","","","","","","","","","SYN06467531 42680 60000 10292 20188 48/// 82108 333 58006 82844 85280=","","","","","","","","","",""
"67531099999","2013-12-03T11:00:00","-13.5333333","23.1166667","1078.0","ZAMBEZI, ZA","FM-12","4","","66","69","","","","9","91","BKN:07 6 OVC:08 89","","","18.64","","000","","0","","","","","","","","","","","","","","","","","","","","","","","","","","","","","","","","","","","","","","","","","","","","","","","","","","","","","","","","","","","","","","","","","","","","","","","","","","","","","","","","","","","","","","","","","","","SYN07067531 41380 80000 10206 20190 48/// 72196 8777/ 333 58007 87706 88459=","","","","","","","","","",""
"67531099999","2013-12-04T08:00:00","-13.5333333","23.1166667","1078.0","ZAMBEZI, ZA","FM-12","4","","63","65","","||RA","","9","95","FEW:02 6 OVC:08 89","","","17.40","","130","","3","","","","","","","","","","","","","","","","","","","","","","","","","","","","","","","","","","","","","","","","","","","","","","","","","","","","","","","","","","","","","","","","","","","","","","","","","","","","","","","","","","","","","","","","","","","SYN08867531 11378 81303 10183 20174 48/// 60114 79196 8272/ 333 10271 20179 59013 82706 88459=","","","","","","","","","",""
"67531099999","2013-12-05T08:00:00","-13.5333333","23.1166667","1078.0","ZAMBEZI, ZA","FM-12","4","","67","72","","","","9","82","BKN:05 98","","","18.64","","080","","9","","","","","","","","","","","","","","","","","","","","","","","","","","","","","","","","","","","","","","","","","","","","","","","","","","","","","","","","","","","","","","","","","","","","","","","","","","","","","","","","","","","","","","","","","","","SYN08667531 12980 50808 10225 20192 48/// 69924 85070 333 10280 20178 59014 85360 555 00///=","","","","","","","","","",""
"67531099999","2013-12-05T11:00:00","-13.5333333","23.1166667","1078.0","ZAMBEZI, ZA","FM-12","4","","62","70","","||DZ","","9","76","FEW:01 7 SCT:04 19 SCT:04 98","","","18.64","","090","","14","","","","","","","","","","","","","","","","","","","","","","","","","","","","","","","","","","","","","","","","","","","","","","","","","","","","","","","","","","","","","","","","","","","","","","","","","","","","","","","","","","","","","","","","","","","SYN07667531 41380 70912 10211 20166 48/// 75052 83570 333 58001 81707 84819 84360=","","","","","","","","","",""
"67531099999","2013-12-06T08:00:00","-13.5333333","23.1166667","1078.0","ZAMBEZI, ZA","FM-12","4","","67","71","","","","9","85","FEW:01 12 BKN:06 295","","","18.64","","030","","1","","","","","","","","","","","","","","","","","","","","","","","","","","","","","","","","","","","","","","","","","","","","","","","","","","","","","","","","","","","","","","","","","","","","","","","","","","","","","","","","","","","","","","","","","","","SYN18467531 12480 60301 10219 20193 48/// 69904 81108 333 10272 20181 59003 81812 86280 555 00/// 67754 11078 82603 10230 20230 48/// 60034 76162 8177/ 333 10350 20/// 81700 88458 555 00///=","","","","","","","","","",""
"67531099999","2013-12-06T14:00:00","-13.5333333","23.1166667","1078.0","ZAMBEZI, ZA","FM-12","4","","65","83","","","","9","54","FEW:02 40 BKN:07 295","","","18.64","","140","","6","","","","","","","","","","","","","","","","","","","","","","","","","","","","","","","","","","","","","","","","","","","","","","","","","","","","","","","","","","","","","","","","","","","","","","","","","","","","","","","","","","","","","","","","","","","SYN06467531 42680 71405 10285 20183 48/// 82108 333 59006 82841 87280=","","","","","","","","","",""
"67531099999","2013-12-09T08:00:00","-13.5333333","23.1166667","1078.0","ZAMBEZI, ZA","FM-12","4","","68","69","","","","9","96","FEW:01 7 BKN:07 98","","","18.64","","130","","3","","","","","","","","","","","","","","","","","","","","","","","","","","","","","","","","","","","","","","","","","","","","","","","","","","","","","","","","","","","","","","","","","","","","","","","","","","","","","","","","","","","","","","","","","","","SYN08867531 11380 71303 10205 20198 48/// 60094 72166 81660 333 10295 20192 59010 81707 87360=","","","","","","","","","",""
"67531099999","2013-12-11T08:00:00","-13.5333333","23.1166667","1078.0","ZAMBEZI, ZA","FM-12","4","","65","68","","","","","89","FEW:01 9 BKN:07 98","","","18.64","","330","","1","","","","","","","","","","","","","","","","","","","","","","","","","","","","","","","","","","","","","","","","","","","","","","","","","","","","","","","","","","","","","","","","","","","","","","","","","","","","","","","","","","","","","","","","","","","SYN08267531 12380 73301 10200 20182 48/// 60124 8157/ 333 10319 20/// 5//// 81609 87460=","","","","","","","","","",""
"67531099999","2013-12-13T14:00:00","-13.5333333","23.1166667","1078.0","ZAMBEZI, ZA","FM-12","4","","67","69","","||RA","","","93","SCT:03 10 SCT:03 10 OVC:08 98","","","18.64","","340","","3","","","","","","","","","","","","","","","","","","","","","","","","","","","","","","","","","","","","","","","","","","","","","","","","","","","","","","","","","","","","","","","","","","","","","","","","","","","","","","","","","","","","","","","","","","","SYN07667531 41480 83403 10208 20196 48/// 79196 8687/ 333 5//// 83810 83610 88460=","","","","","","","","","",""
"67531099999","2013-12-16T14:00:00","-13.5333333","23.1166667","1078.0","ZAMBEZI, ZA","FM-12","4","","68","83","","","","","60","SCT:03 34 FEW:02 295","","","18.64","","000","","0","","","","","","","","","","","","","","","","","","","","","","","","","","","","","","","","","","","","","","","","","","","","","","","","","","","","","","","","","","","","","","","","","","","","","","","","","","","","","","","","","","","","","","","","","","","SYN14267531 42680 3//// 10286 20200 48/// 83102 333 5//// 83835 82080 67754 41280 72707 20261 20232 48/// 71522 8192/ 5//// 81703 81916 81817 87258=","","","","","","","","","",""
"67531099999","2013-12-17T08:00:00","-13.5333333","23.1166667","1078.0","ZAMBEZI, ZA","FM-12","4","","65","68","","","","9","91","BKN:06 6 BKN:07 89","","","18.64","","360","","3","","","","","","","","","","","","","","","","","","","","","","","","","","","","","","","","","","","","","","","","","","","","","","","","","","","","","","","","","","","","","","","","","","","","","","","","","","","","","","","","","","","","","","","","","","","SYN08267531 12380 83603 10200 20185 48/// 60074 8667/ 333 10308 20189 59001 86706 87459=","","","","","","","","","",""
"67531099999","2013-12-18T14:00:00","-13.5333333","23.1166667","1078.0","ZAMBEZI, ZA","FM-12","4","","67","81","","","","","61","SCT:04 34 SCT:03 295","","","18.64","","030","","6","","","","","","","","","","","","","","","","","","","","","","","","","","","","","","","","","","","","","","","","","","","","","","","","","","","","","","","","","","","","","","","","","","","","","","","","","","","","","","","","","","","","","","","","","","","SYN06467531 42680 60305 10275 20194 48/// 84202 333 5//// 84835 83080=","","","","","","","","","",""
"67531099999","2013-12-20T08:00:00","-13.5333333","23.1166667","1078.0","ZAMBEZI, ZA","FM-12","4","","68","69","","","","9","96","BKN:06 7 OVC:08 98","","","18.64","","130","","6","","","","","","","","","","","","","","","","","","","","","","","","","","","","","","","","","","","","","","","","","","","","","","","","","","","","","","","","","","","","","","","","","","","","","","","","","","","","","","","","","","","","","","","","","","","SYN08867531 11380 81305 10205 20198 48/// 60094 70266 8662/ 333 10302 20195 58005 86707 88460=","","","","","","","","","",""
"67531099999","2013-12-23T11:00:00","-13.5333333","23.1166667","1078.0","ZAMBEZI, ZA","FM-12","4","","70","81","","","","9","70","FEW:02 25 SCT:03 26 SCT:03 98","","","18.64","","000","","0","","","","","","","","","","","","","","","","","","","","","","","","","","","","","","","","","","","","","","","","","","","","","","","","","","","","","","","","","","","","","","","","","","","","","","","","","","","","","","","","","","","","","","","","","","","SYN07667531 42580 70000 10271 20211 48/// 85831 333 59016 82825 83626 83360 81080=","","","","","","","","","",""
"67531099999","2013-12-23T14:00:00","-13.5333333","23.1166667","1078.0","ZAMBEZI, ZA","FM-12","4","","69","85","","","","9","59","SCT:04 34 FEW:01 295","","","18.64","","240","","1","","","","","","","","","","","","","","","","","","","","","","","","","","","","","","","","","","","","","","","","","","","","","","","","","","","","","","","","","","","","","","","","","","","","","","","","","","","","","","","","","","","","","","","","","","","SYN06467531 42680 42401 10294 20206 48/// 84202 333 59023 84835 81080=","","","","","","","","","",""
"67531099999","2013-12-24T08:00:00","-13.5333333","23.1166667","1078.0","ZAMBEZI, ZA","FM-12","4","","68","73","","","","9","84","FEW:01 15 SCT:03 98 BKN:07 295","","","18.64","","100","","8","","","","","","","","","","","","","","","","","","","","","","","","","","","","","","","","","","","","","","","","","","","","","","","","","","","","","","","","","","","","","","","","","","","","","","","","","","","","","","","","","","","","","","","","","","","SYN09867531 32480 71007 10230 20201 48/// 81178 333 10319 20196 59014 81815 83360 87280 555 00195 20004=","","","","","","","","","",""
"67531099999","2013-12-24T11:00:00","-13.5333333","23.1166667","1078.0","ZAMBEZI, ZA","FM-12","4","","67","76","","","","9","73","FEW:01 22 BKN:07 98","","","18.64","","030","","8","","","","","","","","","","","","","","","","","","","","","","","","","","","","","","","","","","","","","","","","","","","","","","","","","","","","","","","","","","","","","","","","","","","","","","","","","","","","","","","","","","","","","","","","","","","SYN06467531 42580 70307 10246 20194 48/// 8117/ 333 59005 81822 87360=","","","","","","","","","",""
"67531099999","2013-12-27T08:00:00","-13.5333333","23.1166667","1078.0","ZAMBEZI, ZA","FM-12","4","","68","71","","","","","92","BKN:07 98","","","18.64","","030","","2","","","","","","","","","","","","","","","","","","","","","","","","","","","","","","","","","","","","","","","","","","","","","","","","","","","","","","","","","","","","","","","","","","","","","","","","","","","","","","","","","","","","","","","","","","","SYN07667531 12980 70302 10216 20202 48/// 60044 87030 333 10305 20199 5//// 87360=","","","","","","","","","",""
"67531099999","2013-12-27T11:00:00","-13.5333333","23.1166667","1078.0","ZAMBEZI, ZA","FM-12","4","","68","78","","","","","72","FEW:02 26 BKN:07 98","","","18.64","","360","","7","","","","","","","","","","","","","","","","","","","","","","","","","","","","","","","","","","","","","","","","","","","","","","","","","","","","","","","","","","","","","","","","","","","","","","","","","","","","","","","","","","","","","","","","","","","SYN06467531 42580 73606 10255 20200 48/// 8227/ 333 5//// 82826 87360=","","","","","","","","","",""
"67531099999","2013-12-30T08:00:00","-13.5333333","23.1166667","1078.0","ZAMBEZI, ZA","FM-12","4","","67","70","","","","9","89","BKN:06 7 BKN:07 98","","","18.64","","010","","7","","","","","","","","","","","","","","","","","","","","","","","","","","","","","","","","","","","","","","","","","","","","","","","","","","","","","","","","","","","","","","","","","","","","","","","","","","","","","","","","","","","","","","","","","","","SYN08867531 11380 70106 10211 20192 48/// 60214 70262 8667/ 333 10275 20195 59010 86707 87360=","","","","","","","","","",""
"67531099999","2013-12-31T11:00:00","-13.5333333","23.1166667","1078.0","ZAMBEZI, ZA","FM-12","4","","68","74","","","","","80","BKN:07 16","","","18.64","","360","","8","","","","","","","","","","","","","","","","","","","","","","","","","","","","","","","","","","","","","","","","","","","","","","","","","","","","","","","","","","","","","","","","","","","","","","","","","","","","","","","","","","","","","","","","","","","SYN05867531 42480 73607 10236 20199 48/// 875// 333 5//// 87616=","","","","","","","","","",""
